Logradouro/Nome: ,Bairro/Distrito: ,Localidade/UF: ,CEP:
Avenida Mutirão  ,Setor Bueno  ,Goiânia/GO  ,74215-240
Avenida T 10  ,Setor Bueno  ,Goiânia/GO  ,74223-060
Avenida T 11  ,Setor Bueno  ,Goiânia/GO  ,74223-070
Avenida T 12  ,Setor Bueno  ,Goiânia/GO  ,74223-080
Avenida T 15  ,Setor Bueno  ,Goiânia/GO  ,74230-010
Avenida T 6  ,Setor Bueno  ,Goiânia/GO  ,74210-300
Avenida T 8  ,Setor Bueno  ,Goiânia/GO  ,74210-270
Praça C  ,Setor Bueno  ,Goiânia/GO  ,74210-081
Praça Gilson Alves de Souza  ,Setor Bueno  ,Goiânia/GO  ,74210-250
Praça T 16  ,Setor Bueno  ,Goiânia/GO  ,74210-280
Praça T 17  ,Setor Bueno  ,Goiânia/GO  ,74210-290
Praça T 19  ,Setor Bueno  ,Goiânia/GO  ,74210-310
Praça T 21  ,Setor Bueno  ,Goiânia/GO  ,74215-080
Praça T 22  ,Setor Bueno  ,Goiânia/GO  ,74215-090
Praça T 23  ,Setor Bueno  ,Goiânia/GO  ,74215-130
Praça T 24  ,Setor Bueno  ,Goiânia/GO  ,74223-200
Praça T 25  ,Setor Bueno  ,Goiânia/GO  ,74223-210
Praça T 26  ,Setor Bueno  ,Goiânia/GO  ,74230-060
Rua B 4  ,Setor Bueno  ,Goiânia/GO  ,74210-103
Rua B 7  ,Setor Bueno  ,Goiânia/GO  ,74210-102
Rua Brasil  ,Setor Bueno  ,Goiânia/GO  ,74215-070
Rua Campinas  ,Setor Bueno  ,Goiânia/GO  ,74210-116
Rua T 1 A  ,Setor Bueno  ,Goiânia/GO  ,74210-330
Rua T 28 A  ,Setor Bueno  ,Goiânia/GO  ,74210-220
Rua T 282  ,Setor Bueno  ,Goiânia/GO  ,74210-355
Rua T 3 A  ,Setor Bueno  ,Goiânia/GO  ,74215-120
Rua T 31  ,Setor Bueno  ,Goiânia/GO  ,74210-130
Rua T 32  ,Setor Bueno  ,Goiânia/GO  ,74210-120
Rua T 33  ,Setor Bueno  ,Goiânia/GO  ,74215-140
Rua T 34  ,Setor Bueno  ,Goiânia/GO  ,74223-220
Rua T 35  ,Setor Bueno  ,Goiânia/GO  ,74223-230
Rua T 37 A  ,Setor Bueno  ,Goiânia/GO  ,74223-091
Rua T 38 B  ,Setor Bueno  ,Goiânia/GO  ,74230-090
Rua T 39  ,Setor Bueno  ,Goiânia/GO  ,74210-100
Rua T 39 A  ,Setor Bueno  ,Goiânia/GO  ,74210-070
Rua T 39 B  ,Setor Bueno  ,Goiânia/GO  ,74210-080
Rua T 39 C  ,Setor Bueno  ,Goiânia/GO  ,74210-090
Rua T 40  ,Setor Bueno  ,Goiânia/GO  ,74210-105
Rua T 41  ,Setor Bueno  ,Goiânia/GO  ,74210-110
Rua T 42  ,Setor Bueno  ,Goiânia/GO  ,74210-350
Rua T 43  ,Setor Bueno  ,Goiânia/GO  ,74210-140
Rua T 44  ,Setor Bueno  ,Goiânia/GO  ,74210-150
Rua T 45  ,Setor Bueno  ,Goiânia/GO  ,74210-160
Rua T 46  ,Setor Bueno  ,Goiânia/GO  ,74210-170
Rua T 47  ,Setor Bueno  ,Goiânia/GO  ,74210-180
Rua T 48  ,Setor Bueno  ,Goiânia/GO  ,74210-190
Rua T 49  ,Setor Bueno  ,Goiânia/GO  ,74210-200
Rua T 49 A  ,Setor Bueno  ,Goiânia/GO  ,74210-210
Rua T 50  ,Setor Bueno  ,Goiânia/GO  ,74215-200
Rua T 51  ,Setor Bueno  ,Goiânia/GO  ,74215-210
Rua T 53  ,Setor Bueno  ,Goiânia/GO  ,74215-150
Rua T 54  ,Setor Bueno  ,Goiânia/GO  ,74215-160
Rua T 55  ,Setor Bueno  ,Goiânia/GO  ,74215-170
Rua T 56  ,Setor Bueno  ,Goiânia/GO  ,74223-100
Rua T 57  ,Setor Bueno  ,Goiânia/GO  ,74223-110
Rua T 58  ,Setor Bueno  ,Goiânia/GO  ,74223-130
Rua T 59  ,Setor Bueno  ,Goiânia/GO  ,74223-150
Rua T 67  ,Setor Bueno  ,Goiânia/GO  ,74230-150
Rua T 68  ,Setor Bueno  ,Goiânia/GO  ,74230-160
Rua T 69  ,Setor Bueno  ,Goiânia/GO  ,74230-170
Rua T 70  ,Setor Bueno  ,Goiânia/GO  ,74230-180
Rua T 71  ,Setor Bueno  ,Goiânia/GO  ,74230-190
Rua 214 A  ,Setor Bueno  ,Goiânia/GO  ,74210-115
Rua 240  ,Setor Bueno  ,Goiânia/GO  ,74210-109
Rua 240 B  ,Setor Bueno  ,Goiânia/GO  ,74210-114
Rua 284  ,Setor Bueno  ,Goiânia/GO  ,74210-095
Viela T 2A  ,Setor Bueno  ,Goiânia/GO  ,74210-230
Alameda Coronel Eugênio Jardim  ,Setor Marista  ,Goiânia/GO  ,74175-100
Alameda Coronel Joaquim de Bastos  ,Setor Marista  ,Goiânia/GO  ,74175-150
Alameda Dom Emanoel Gomes  ,Setor Marista  ,Goiânia/GO  ,74175-040
Alameda Doutor Sebastião Fleury  ,Setor Marista  ,Goiânia/GO  ,74180-060
Avenida Americano do Brasil  ,Setor Marista  ,Goiânia/GO  ,74180-010
Avenida D  ,Setor Marista  ,Goiânia/GO  ,74150-040
Avenida Mutirão  ,Setor Marista  ,Goiânia/GO  ,74150-340
Avenida Portugal  ,Setor Marista  ,Goiânia/GO  ,74150-030
Avenida T 10  ,Setor Marista  ,Goiânia/GO  ,74150-330
Avenida T 8  ,Setor Marista  ,Goiânia/GO  ,74150-060
Avenida T 9  ,Setor Marista  ,Goiânia/GO  ,74150-300
Avenida 136  ,Setor Marista  ,Goiânia/GO  ,74180-040
Avenida 85  ,Setor Marista  ,Goiânia/GO  ,74160-010
Praça Amélia Martins Batista  ,Setor Marista  ,Goiânia/GO  ,74170-160
Praça Latif Sebba  ,Setor Marista  ,Goiânia/GO  ,74160-020
Rua Amélia Artiaga Jardim  ,Setor Marista  ,Goiânia/GO  ,74180-070
Rua T 50  ,Setor Marista  ,Goiânia/GO  ,74150-170
Rua T 51  ,Setor Marista  ,Goiânia/GO  ,74150-160
Rua T 53  ,Setor Marista  ,Goiânia/GO  ,74150-310
Rua T 55  ,Setor Marista  ,Goiânia/GO  ,74150-320
Rua 1121  ,Setor Marista  ,Goiânia/GO  ,74175-120
Rua 1122  ,Setor Marista  ,Goiânia/GO  ,74175-110
Rua 1123  ,Setor Marista  ,Goiânia/GO  ,74175-070
Rua 1124  ,Setor Marista  ,Goiânia/GO  ,74175-080
Rua 1125  ,Setor Marista  ,Goiânia/GO  ,74175-090
Rua 1126  ,Setor Marista  ,Goiânia/GO  ,74175-050
Rua 1127  ,Setor Marista  ,Goiânia/GO  ,74175-060
Rua 1128  ,Setor Marista  ,Goiânia/GO  ,74175-130
Rua 1129  ,Setor Marista  ,Goiânia/GO  ,74175-140
Rua 1130  ,Setor Marista  ,Goiânia/GO  ,74180-090
Rua 1131  ,Setor Marista  ,Goiânia/GO  ,74180-100
Rua 1132  ,Setor Marista  ,Goiânia/GO  ,74180-110
Rua 1133  ,Setor Marista  ,Goiânia/GO  ,74180-120
Rua 1134  ,Setor Marista  ,Goiânia/GO  ,74180-130
Rua 1135  ,Setor Marista  ,Goiânia/GO  ,74180-140
Rua 1136  ,Setor Marista  ,Goiânia/GO  ,74180-150
Rua 1137  ,Setor Marista  ,Goiânia/GO  ,74180-160
Rua 1138  ,Setor Marista  ,Goiânia/GO  ,74180-170
Rua 1139  ,Setor Marista  ,Goiânia/GO  ,74180-180
Rua 1141  ,Setor Marista  ,Goiânia/GO  ,74180-081
Rua 1142  ,Setor Marista  ,Goiânia/GO  ,74180-190
Rua 1143  ,Setor Marista  ,Goiânia/GO  ,74180-200
Rua 1144  ,Setor Marista  ,Goiânia/GO  ,74180-210
Rua 1145  ,Setor Marista  ,Goiânia/GO  ,74180-220
Rua 122  ,Setor Marista  ,Goiânia/GO  ,74180-016
Rua 13  ,Setor Marista  ,Goiânia/GO  ,74150-140
Rua 135  ,Setor Marista  ,Goiânia/GO  ,74180-020
Rua 137  ,Setor Marista  ,Goiânia/GO  ,74170-120
Rua 137-A  ,Setor Marista  ,Goiânia/GO  ,74170-130
Rua 138  ,Setor Marista  ,Goiânia/GO  ,74170-140
Rua 139  ,Setor Marista  ,Goiânia/GO  ,74170-150
Rua 140  ,Setor Marista  ,Goiânia/GO  ,74170-060
Rua 141  ,Setor Marista  ,Goiânia/GO  ,74170-050
Rua 142  ,Setor Marista  ,Goiânia/GO  ,74170-040
Rua 143  ,Setor Marista  ,Goiânia/GO  ,74170-020
Rua 143-A  ,Setor Marista  ,Goiânia/GO  ,74170-010
Rua 144  ,Setor Marista  ,Goiânia/GO  ,74170-030
Rua 145  ,Setor Marista  ,Goiânia/GO  ,74170-080
Rua 146  ,Setor Marista  ,Goiânia/GO  ,74170-090
Rua 147  ,Setor Marista  ,Goiânia/GO  ,74170-100
Rua 148  ,Setor Marista  ,Goiânia/GO  ,74170-110
Rua 15  ,Setor Marista  ,Goiânia/GO  ,74150-020
Rua 23-A  ,Setor Marista  ,Goiânia/GO  ,74150-110
Rua 24  ,Setor Marista  ,Goiânia/GO  ,74150-070
Rua 25  ,Setor Marista  ,Goiânia/GO  ,74150-180
Rua 26  ,Setor Marista  ,Goiânia/GO  ,74150-080
Rua 27  ,Setor Marista  ,Goiânia/GO  ,74150-200
Rua 28  ,Setor Marista  ,Goiânia/GO  ,74150-090
Rua 30  ,Setor Marista  ,Goiânia/GO  ,74150-100
Rua 32  ,Setor Marista  ,Goiânia/GO  ,74150-210
Rua 34  ,Setor Marista  ,Goiânia/GO  ,74150-220
Rua 34-A  ,Setor Marista  ,Goiânia/GO  ,74150-230
Rua 36  ,Setor Marista  ,Goiânia/GO  ,74150-240
Rua 38  ,Setor Marista  ,Goiânia/GO  ,74150-250
Rua 42  ,Setor Marista  ,Goiânia/GO  ,74150-270
Rua 87  ,Setor Marista  ,Goiânia/GO  ,74170-115
Viela 1140  ,Setor Marista  ,Goiânia/GO  ,74180-071
Avenida Décima Avenida  ,Setor Leste Vila Nova  ,Goiânia/GO  ,74645-040
Avenida Décima Primeira Avenida  ,Setor Leste Vila Nova  ,Goiânia/GO  ,74640-040
Avenida Independência  ,Setor Leste Vila Nova  ,Goiânia/GO  ,74645-010
Avenida Industrial  ,Setor Leste Vila Nova  ,Goiânia/GO  ,74635-040
Avenida Nona Avenida  ,Setor Leste Vila Nova  ,Goiânia/GO  ,74643-080
Avenida Oitava Avenida  ,Setor Leste Vila Nova  ,Goiânia/GO  ,74640-050
Avenida Primeira Avenida  ,Setor Leste Vila Nova  ,Goiânia/GO  ,74643-070
Avenida Segunda Avenida  ,Setor Leste Vila Nova  ,Goiânia/GO  ,74643-040
Avenida Sétima Avenida  ,Setor Leste Vila Nova  ,Goiânia/GO  ,74640-060
Avenida Sexta Avenida  ,Setor Leste Vila Nova  ,Goiânia/GO  ,74645-080
Avenida Terceira Avenida  ,Setor Leste Vila Nova  ,Goiânia/GO  ,74643-170
Praça Alegenésio José Ferreira  ,Setor Leste Vila Nova  ,Goiânia/GO  ,74640-120
Praça Antônio Borges Teixeira  ,Setor Leste Vila Nova  ,Goiânia/GO  ,74643-025
Praça da Bíblia  ,Setor Leste Vila Nova  ,Goiânia/GO  ,74645-005
Praça do Botafogo  ,Setor Leste Vila Nova  ,Goiânia/GO  ,74643-020
Praça José Moreira Andrade  ,Setor Leste Vila Nova  ,Goiânia/GO  ,74645-060
Praça Mário Najar  ,Setor Leste Vila Nova  ,Goiânia/GO  ,74633-045
Praça Vereador Boaventura Moreira de Andrade  ,Setor Leste Vila Nova  ,Goiânia/GO  ,74640-010
Rua A  ,Setor Leste Vila Nova  ,Goiânia/GO  ,74645-210
Rua C  ,Setor Leste Vila Nova  ,Goiânia/GO  ,74633-260
Rua Castro Alves  ,Setor Leste Vila Nova  ,Goiânia/GO  ,74640-230
Rua Coronel Cosme  ,Setor Leste Vila Nova  ,Goiânia/GO  ,74635-030
Rua D  ,Setor Leste Vila Nova  ,Goiânia/GO  ,74635-075
Rua E  ,Setor Leste Vila Nova  ,Goiânia/GO  ,74635-015
Rua Eugênio Jardim  ,Setor Leste Vila Nova  ,Goiânia/GO  ,74633-040
Rua Guimarães Natal  ,Setor Leste Vila Nova  ,Goiânia/GO  ,74633-050
Rua Leopoldo de Bulhões  ,Setor Leste Vila Nova  ,Goiânia/GO  ,74633-060
Rua Longitudinal  ,Setor Leste Vila Nova  ,Goiânia/GO  ,74633-300
Rua Professor João Henrique Gonçalves  ,Setor Leste Vila Nova  ,Goiânia/GO  ,74645-050
Rua 200-B  ,Setor Leste Vila Nova  ,Goiânia/GO  ,74645-090
Rua 200-C  ,Setor Leste Vila Nova  ,Goiânia/GO  ,74645-100
Rua 201  ,Setor Leste Vila Nova  ,Goiânia/GO  ,74643-050
Rua 202  ,Setor Leste Vila Nova  ,Goiânia/GO  ,74643-090
Rua 203  ,Setor Leste Vila Nova  ,Goiânia/GO  ,74640-070
Rua 204  ,Setor Leste Vila Nova  ,Goiânia/GO  ,74640-080
Rua 205  ,Setor Leste Vila Nova  ,Goiânia/GO  ,74640-090
Rua 206  ,Setor Leste Vila Nova  ,Goiânia/GO  ,74640-100
Rua 206-A  ,Setor Leste Vila Nova  ,Goiânia/GO  ,74635-132
Rua 207  ,Setor Leste Vila Nova  ,Goiânia/GO  ,74640-110
Rua 208  ,Setor Leste Vila Nova  ,Goiânia/GO  ,74635-055
Rua 208-A  ,Setor Leste Vila Nova  ,Goiânia/GO  ,74635-050
Rua 208-B  ,Setor Leste Vila Nova  ,Goiânia/GO  ,74635-060
Rua 209  ,Setor Leste Vila Nova  ,Goiânia/GO  ,74640-130
Rua 209-A  ,Setor Leste Vila Nova  ,Goiânia/GO  ,74640-135
Rua 210  ,Setor Leste Vila Nova  ,Goiânia/GO  ,74640-140
Rua 210-A  ,Setor Leste Vila Nova  ,Goiânia/GO  ,74640-150
Rua 211  ,Setor Leste Vila Nova  ,Goiânia/GO  ,74640-160
Rua 213  ,Setor Leste Vila Nova  ,Goiânia/GO  ,74645-135
Rua 214  ,Setor Leste Vila Nova  ,Goiânia/GO  ,74645-130
Rua 215  ,Setor Leste Vila Nova  ,Goiânia/GO  ,74645-140
Rua 216  ,Setor Leste Vila Nova  ,Goiânia/GO  ,74640-170
Rua 217  ,Setor Leste Vila Nova  ,Goiânia/GO  ,74645-150
Rua 218  ,Setor Leste Vila Nova  ,Goiânia/GO  ,74640-180
Rua 219  ,Setor Leste Vila Nova  ,Goiânia/GO  ,74645-160
Rua 220  ,Setor Leste Vila Nova  ,Goiânia/GO  ,74643-100
Rua 221  ,Setor Leste Vila Nova  ,Goiânia/GO  ,74643-110
Rua 222  ,Setor Leste Vila Nova  ,Goiânia/GO  ,74643-120
Rua 223  ,Setor Leste Vila Nova  ,Goiânia/GO  ,74643-130
Rua 224  ,Setor Leste Vila Nova  ,Goiânia/GO  ,74643-140
Rua 225  ,Setor Leste Vila Nova  ,Goiânia/GO  ,74645-170
Rua 226  ,Setor Leste Vila Nova  ,Goiânia/GO  ,74645-180
Rua 227  ,Setor Leste Vila Nova  ,Goiânia/GO  ,74645-190
Rua 228  ,Setor Leste Vila Nova  ,Goiânia/GO  ,74645-200
Rua 229  ,Setor Leste Vila Nova  ,Goiânia/GO  ,74643-150
Rua 230  ,Setor Leste Vila Nova  ,Goiânia/GO  ,74640-210
Rua 231  ,Setor Leste Vila Nova  ,Goiânia/GO  ,74640-220
Rua 802  ,Setor Leste Vila Nova  ,Goiânia/GO  ,74633-110
Rua 804  ,Setor Leste Vila Nova  ,Goiânia/GO  ,74633-120
Rua 809  ,Setor Leste Vila Nova  ,Goiânia/GO  ,74633-125
Viela Castro Alves  ,Setor Leste Vila Nova  ,Goiânia/GO  ,74640-205
Viela 1  ,Setor Leste Vila Nova  ,Goiânia/GO  ,74635-130
Alameda do Botafogo  ,Setor Central  ,Goiânia/GO  ,74030-020
Alameda dos Buritis  ,Setor Central  ,Goiânia/GO  ,74015-080
Avenida Contorno  ,Setor Central  ,Goiânia/GO  ,74055-140
Avenida Oeste  ,Setor Central  ,Goiânia/GO  ,74045-155
Praça Antônio Lisita  ,Setor Central  ,Goiânia/GO  ,74030-120
Praça Arquiteto Neddermeyer  ,Setor Central  ,Goiânia/GO  ,74055-240
Praça das Missões  ,Setor Central  ,Goiânia/GO  ,74055-280
Praça do Bandeirante  ,Setor Central  ,Goiânia/GO  ,74005-020
Praça do Trabalhador  ,Setor Central  ,Goiânia/GO  ,74063-325
Praça Dom Bosco  ,Setor Central  ,Goiânia/GO  ,74015-110
Praça Dom Emanuel  ,Setor Central  ,Goiânia/GO  ,74030-140
Praça Dona Maria Benvinda de Jesus  ,Setor Central  ,Goiânia/GO  ,74055-260
Praça Doutor Borges dos Santos Dias  ,Setor Central  ,Goiânia/GO  ,74030-150
Praça Doutor Pedro Ludovico Teixeira  ,Setor Central  ,Goiânia/GO  ,74003-010
"Praça Doutor Pedro Ludovico Teixeira, 11 AC Central de Goiânia  ",Setor Central  ,Goiânia/GO  ,74001-970
Praça Inspetor João Ferreira  ,Setor Central  ,Goiânia/GO  ,74045-160
Praça José Honorato  ,Setor Central  ,Goiânia/GO  ,74045-170
Rua AB  ,Setor Central  ,Goiânia/GO  ,74020-160
Rua C  ,Setor Central  ,Goiânia/GO  ,74020-100
Rua CD  ,Setor Central  ,Goiânia/GO  ,74020-150
Rua do Lazer  ,Setor Central  ,Goiânia/GO  ,74013-035
Rua Dona Gercina Borges Teixeira  ,Setor Central  ,Goiânia/GO  ,74015-090
Rua dos Comerciários  ,Setor Central  ,Goiânia/GO  ,74020-120
Rua 1  ,Setor Central  ,Goiânia/GO  ,74013-010
Rua 11  ,Setor Central  ,Goiânia/GO  ,74015-170
Rua 12  ,Setor Central  ,Goiânia/GO  ,74015-040
Rua 13  ,Setor Central  ,Goiânia/GO  ,74015-030
Rua 14  ,Setor Central  ,Goiânia/GO  ,74030-050
Rua 15  ,Setor Central  ,Goiânia/GO  ,74030-030
Rua 16  ,Setor Central  ,Goiânia/GO  ,74015-020
Rua 17  ,Setor Central  ,Goiânia/GO  ,74023-040
Rua 18  ,Setor Central  ,Goiânia/GO  ,74030-040
Rua 19  ,Setor Central  ,Goiânia/GO  ,74030-090
Rua 2  ,Setor Central  ,Goiânia/GO  ,74013-020
Rua 20  ,Setor Central  ,Goiânia/GO  ,74020-170
Rua 20-A  ,Setor Central  ,Goiânia/GO  ,74020-090
Rua 21  ,Setor Central  ,Goiânia/GO  ,74030-070
Rua 22  ,Setor Central  ,Goiânia/GO  ,74030-080
Rua 23  ,Setor Central  ,Goiânia/GO  ,74015-120
Rua 23-A  ,Setor Central  ,Goiânia/GO  ,74015-130
Rua 23-B  ,Setor Central  ,Goiânia/GO  ,74015-140
Rua 24  ,Setor Central  ,Goiânia/GO  ,74030-060
Rua 24-A  ,Setor Central  ,Goiânia/GO  ,74020-050
Rua 25  ,Setor Central  ,Goiânia/GO  ,74015-100
Rua 27  ,Setor Central  ,Goiânia/GO  ,74020-040
Rua 28  ,Setor Central  ,Goiânia/GO  ,74020-130
Rua 29  ,Setor Central  ,Goiânia/GO  ,74015-050
Rua 29-A  ,Setor Central  ,Goiânia/GO  ,74015-060
Rua 30  ,Setor Central  ,Goiânia/GO  ,74015-180
Rua 31  ,Setor Central  ,Goiânia/GO  ,74015-070
Rua 4-A  ,Setor Central  ,Goiânia/GO  ,74020-070
Rua 4-B  ,Setor Central  ,Goiânia/GO  ,74020-080
Rua 44  ,Setor Central  ,Goiânia/GO  ,74063-327
Rua 51  ,Setor Central  ,Goiânia/GO  ,74055-030
Rua 52  ,Setor Central  ,Goiânia/GO  ,74055-050
Rua 53  ,Setor Central  ,Goiânia/GO  ,74055-060
Rua 54  ,Setor Central  ,Goiânia/GO  ,74055-040
Rua 56  ,Setor Central  ,Goiânia/GO  ,74055-180
Rua 57  ,Setor Central  ,Goiânia/GO  ,74045-060
Rua 57-A  ,Setor Central  ,Goiânia/GO  ,74045-065
Rua 58  ,Setor Central  ,Goiânia/GO  ,74055-170
Rua 59  ,Setor Central  ,Goiânia/GO  ,74045-050
Rua 6  ,Setor Central  ,Goiânia/GO  ,74023-030
Rua 60  ,Setor Central  ,Goiânia/GO  ,74055-160
Rua 61  ,Setor Central  ,Goiânia/GO  ,74045-080
Rua 62  ,Setor Central  ,Goiânia/GO  ,74055-130
Rua 63  ,Setor Central  ,Goiânia/GO  ,74045-090
Rua 64  ,Setor Central  ,Goiânia/GO  ,74055-190
Rua 65  ,Setor Central  ,Goiânia/GO  ,74045-100
Rua 66  ,Setor Central  ,Goiânia/GO  ,74055-070
Rua 67 A  ,Setor Central  ,Goiânia/GO  ,74063-321
Rua 68  ,Setor Central  ,Goiânia/GO  ,74055-100
Rua 7  ,Setor Central  ,Goiânia/GO  ,74023-020
Rua 70  ,Setor Central  ,Goiânia/GO  ,74055-120
Rua 71  ,Setor Central  ,Goiânia/GO  ,74055-200
Rua 72  ,Setor Central  ,Goiânia/GO  ,74045-120
Rua 73  ,Setor Central  ,Goiânia/GO  ,74055-210
Rua 74  ,Setor Central  ,Goiânia/GO  ,74045-020
Rua 75  ,Setor Central  ,Goiânia/GO  ,74055-110
Rua 76  ,Setor Central  ,Goiânia/GO  ,74045-130
Rua 77  ,Setor Central  ,Goiânia/GO  ,74055-090
Rua 78  ,Setor Central  ,Goiânia/GO  ,74045-140
Rua 79  ,Setor Central  ,Goiânia/GO  ,74055-080
Rua 8  ,Setor Central  ,Goiânia/GO  ,74013-030
Rua 80  ,Setor Central  ,Goiânia/GO  ,74045-150
Rua 82  ,Setor Central  ,Goiânia/GO  ,74015-095
Rua 9  ,Setor Central  ,Goiânia/GO  ,74013-040
Travessa Anhanguera  ,Setor Central  ,Goiânia/GO  ,74013-070
Viela da Rua 7  ,Setor Central  ,Goiânia/GO  ,74023-025
Viela da Rua 8  ,Setor Central  ,Goiânia/GO  ,74013-025
Viela Quadra 12  ,Setor Central  ,Goiânia/GO  ,74025-045
Alameda dos Buritis  ,Setor Oeste  ,Goiânia/GO  ,74115-045
Avenida A  ,Setor Oeste  ,Goiânia/GO  ,74110-020
Avenida B  ,Setor Oeste  ,Goiânia/GO  ,74110-030
Avenida D  ,Setor Oeste  ,Goiânia/GO  ,74140-160
Avenida G  ,Setor Oeste  ,Goiânia/GO  ,74110-070
Avenida Portugal  ,Setor Oeste  ,Goiânia/GO  ,74140-020
Avenida R 1  ,Setor Oeste  ,Goiânia/GO  ,74125-020
Avenida R 11  ,Setor Oeste  ,Goiânia/GO  ,74125-100
Avenida R 9  ,Setor Oeste  ,Goiânia/GO  ,74125-110
Avenida 85  ,Setor Oeste  ,Goiânia/GO  ,74120-090
Praça Almirante Tamandaré  ,Setor Oeste  ,Goiânia/GO  ,74115-101
Praça das Mães  ,Setor Oeste  ,Goiânia/GO  ,74110-050
Praça Estado da Palestina  ,Setor Oeste  ,Goiânia/GO  ,74115-071
Praça Leo Lynce  ,Setor Oeste  ,Goiânia/GO  ,74120-190
Praça Professor João Setúbal  ,Setor Oeste  ,Goiânia/GO  ,74125-060
Rua Dom Orione  ,Setor Oeste  ,Goiânia/GO  ,74140-080
Rua João de Abreu  ,Setor Oeste  ,Goiânia/GO  ,74120-110
Rua K  ,Setor Oeste  ,Goiânia/GO  ,74120-040
Rua L  ,Setor Oeste  ,Goiânia/GO  ,74120-050
Rua R 12  ,Setor Oeste  ,Goiânia/GO  ,74125-140
Rua R 13  ,Setor Oeste  ,Goiânia/GO  ,74125-150
Rua R 14  ,Setor Oeste  ,Goiânia/GO  ,74125-160
Rua R 15  ,Setor Oeste  ,Goiânia/GO  ,74140-090
Rua R 16  ,Setor Oeste  ,Goiânia/GO  ,74140-100
Rua R 17  ,Setor Oeste  ,Goiânia/GO  ,74125-170
Rua R 18  ,Setor Oeste  ,Goiânia/GO  ,74125-180
Rua R 2  ,Setor Oeste  ,Goiânia/GO  ,74125-030
Rua R 3  ,Setor Oeste  ,Goiânia/GO  ,74125-040
Rua R 3 A  ,Setor Oeste  ,Goiânia/GO  ,74125-050
Rua R 4  ,Setor Oeste  ,Goiânia/GO  ,74125-065
Rua R 5  ,Setor Oeste  ,Goiânia/GO  ,74125-070
Rua R 6  ,Setor Oeste  ,Goiânia/GO  ,74125-080
Rua R 7  ,Setor Oeste  ,Goiânia/GO  ,74125-120
Rua R 8  ,Setor Oeste  ,Goiânia/GO  ,74125-130
Rua Ruy Brasil Cavalcante  ,Setor Oeste  ,Goiânia/GO  ,74140-140
Rua T 46  ,Setor Oeste  ,Goiânia/GO  ,74125-200
Rua T 47  ,Setor Oeste  ,Goiânia/GO  ,74140-120
Rua T 48  ,Setor Oeste  ,Goiânia/GO  ,74140-130
Rua 1  ,Setor Oeste  ,Goiânia/GO  ,74115-040
Rua 10  ,Setor Oeste  ,Goiânia/GO  ,74120-020
Rua 101  ,Setor Oeste  ,Goiânia/GO  ,74120-075
Rua 106  ,Setor Oeste  ,Goiânia/GO  ,74120-115
Rua 106 A  ,Setor Oeste  ,Goiânia/GO  ,74120-118
Rua 11  ,Setor Oeste  ,Goiânia/GO  ,74120-030
Rua 12  ,Setor Oeste  ,Goiânia/GO  ,74140-040
Rua 13  ,Setor Oeste  ,Goiânia/GO  ,74120-060
Rua 134  ,Setor Oeste  ,Goiânia/GO  ,74120-170
Rua 14  ,Setor Oeste  ,Goiânia/GO  ,74120-070
Rua 15  ,Setor Oeste  ,Goiânia/GO  ,74140-035
Rua 17  ,Setor Oeste  ,Goiânia/GO  ,74140-050
Rua 18  ,Setor Oeste  ,Goiânia/GO  ,74120-080
Rua 19  ,Setor Oeste  ,Goiânia/GO  ,74120-100
Rua 2  ,Setor Oeste  ,Goiânia/GO  ,74110-130
Rua 21  ,Setor Oeste  ,Goiânia/GO  ,74120-120
Rua 22  ,Setor Oeste  ,Goiânia/GO  ,74120-130
Rua 23  ,Setor Oeste  ,Goiânia/GO  ,74120-140
Rua 25 B  ,Setor Oeste  ,Goiânia/GO  ,74120-160
Rua 27  ,Setor Oeste  ,Goiânia/GO  ,74125-115
Rua 29  ,Setor Oeste  ,Goiânia/GO  ,74140-060
Rua 3  ,Setor Oeste  ,Goiânia/GO  ,74115-050
Rua 31  ,Setor Oeste  ,Goiânia/GO  ,74140-070
Rua 4  ,Setor Oeste  ,Goiânia/GO  ,74110-140
Rua 5  ,Setor Oeste  ,Goiânia/GO  ,74115-060
Rua 6  ,Setor Oeste  ,Goiânia/GO  ,74115-070
Rua 6 A  ,Setor Oeste  ,Goiânia/GO  ,74115-080
Rua 7  ,Setor Oeste  ,Goiânia/GO  ,74110-090
Rua 8  ,Setor Oeste  ,Goiânia/GO  ,74115-100
Rua 8 A  ,Setor Oeste  ,Goiânia/GO  ,74115-090
Rua 9 A  ,Setor Oeste  ,Goiânia/GO  ,74110-110
Rua 9 B  ,Setor Oeste  ,Goiânia/GO  ,74110-120
Alameda Aeroporto  ,Jardim Guanabara  ,Goiânia/GO  ,74675-020
Alameda das Chácaras  ,Jardim Guanabara  ,Goiânia/GO  ,74675-565
Alameda Minas Gerais  ,Jardim Guanabara  ,Goiânia/GO  ,74675-560
Avenida Contorno  ,Jardim Guanabara  ,Goiânia/GO  ,74675-240
Avenida Goiânia  ,Jardim Guanabara  ,Goiânia/GO  ,74675-320
Avenida Nazareth  ,Jardim Guanabara  ,Goiânia/GO  ,74675-610
Avenida Vera Cruz  ,Jardim Guanabara  ,Goiânia/GO  ,74675-830
Rodovia BR-153  ,Jardim Guanabara  ,Goiânia/GO  ,74675-090
Rua Abaeté  ,Jardim Guanabara  ,Goiânia/GO  ,74675-010
Rua Amapá  ,Jardim Guanabara  ,Goiânia/GO  ,74675-030
Rua Anápolis  ,Jardim Guanabara  ,Goiânia/GO  ,74675-040
Rua Araguari  ,Jardim Guanabara  ,Goiânia/GO  ,74675-050
Rua Araxá  ,Jardim Guanabara  ,Goiânia/GO  ,74675-060
Rua Bananal  ,Jardim Guanabara  ,Goiânia/GO  ,74675-070
Rua Belo Horizonte  ,Jardim Guanabara  ,Goiânia/GO  ,74675-080
Rua Cachoeira Dourada  ,Jardim Guanabara  ,Goiânia/GO  ,74675-100
Rua Caiapó  ,Jardim Guanabara  ,Goiânia/GO  ,74675-110
Rua Caiapônia  ,Jardim Guanabara  ,Goiânia/GO  ,74675-120
Rua Cajazeiras  ,Jardim Guanabara  ,Goiânia/GO  ,74675-130
Rua Campinas  ,Jardim Guanabara  ,Goiânia/GO  ,74675-150
Rua Campos  ,Jardim Guanabara  ,Goiânia/GO  ,74675-160
Rua Canoeiros  ,Jardim Guanabara  ,Goiânia/GO  ,74675-170
Rua Caravelas  ,Jardim Guanabara  ,Goiânia/GO  ,74675-180
Rua Carioca  ,Jardim Guanabara  ,Goiânia/GO  ,74675-190
Rua Carolina  ,Jardim Guanabara  ,Goiânia/GO  ,74675-210
Rua Caxias  ,Jardim Guanabara  ,Goiânia/GO  ,74675-220
Rua Ceres  ,Jardim Guanabara  ,Goiânia/GO  ,74675-230
Rua Cubatão  ,Jardim Guanabara  ,Goiânia/GO  ,74675-250
Rua Curitiba  ,Jardim Guanabara  ,Goiânia/GO  ,74675-260
Rua Curvelo  ,Jardim Guanabara  ,Goiânia/GO  ,74675-270
Rua Dom Pedrito  ,Jardim Guanabara  ,Goiânia/GO  ,74675-280
Rua Estrela do Sul  ,Jardim Guanabara  ,Goiânia/GO  ,74675-300
Rua Grajaú  ,Jardim Guanabara  ,Goiânia/GO  ,74675-340
Rua Guaporé  ,Jardim Guanabara  ,Goiânia/GO  ,74675-350
Rua Guarani  ,Jardim Guanabara  ,Goiânia/GO  ,74675-360
Rua Iguaçu  ,Jardim Guanabara  ,Goiânia/GO  ,74675-370
Rua Indaiá  ,Jardim Guanabara  ,Goiânia/GO  ,74675-380
Rua Ipameri  ,Jardim Guanabara  ,Goiânia/GO  ,74675-390
Rua Ipiranga  ,Jardim Guanabara  ,Goiânia/GO  ,74675-400
Rua Ipora  ,Jardim Guanabara  ,Goiânia/GO  ,74675-410
Rua Itacolomi  ,Jardim Guanabara  ,Goiânia/GO  ,74675-420
Rua Itaúna  ,Jardim Guanabara  ,Goiânia/GO  ,74675-430
Rua Itu  ,Jardim Guanabara  ,Goiânia/GO  ,74675-440
Rua Jataí  ,Jardim Guanabara  ,Goiânia/GO  ,74675-450
Rua Juazeiro  ,Jardim Guanabara  ,Goiânia/GO  ,74675-480
Rua Juiz de Fora  ,Jardim Guanabara  ,Goiânia/GO  ,74675-490
Rua Laguna  ,Jardim Guanabara  ,Goiânia/GO  ,74675-500
Rua Limeira  ,Jardim Guanabara  ,Goiânia/GO  ,74675-510
Rua Macau  ,Jardim Guanabara  ,Goiânia/GO  ,74675-520
Rua Maranhão  ,Jardim Guanabara  ,Goiânia/GO  ,74675-530
Rua Marília  ,Jardim Guanabara  ,Goiânia/GO  ,74675-550
Rua Mineiros  ,Jardim Guanabara  ,Goiânia/GO  ,74675-570
Rua Montes Claros  ,Jardim Guanabara  ,Goiânia/GO  ,74675-580
Rua Mossoró  ,Jardim Guanabara  ,Goiânia/GO  ,74675-590
Rua Natal  ,Jardim Guanabara  ,Goiânia/GO  ,74675-600
Rua Olinda  ,Jardim Guanabara  ,Goiânia/GO  ,74675-620
Rua Pesqueira  ,Jardim Guanabara  ,Goiânia/GO  ,74675-630
Rua Piracicaba  ,Jardim Guanabara  ,Goiânia/GO  ,74675-640
Rua Piripiri  ,Jardim Guanabara  ,Goiânia/GO  ,74675-650
Rua Pitangui  ,Jardim Guanabara  ,Goiânia/GO  ,74675-660
Rua Platina  ,Jardim Guanabara  ,Goiânia/GO  ,74675-670
Rua Porto Alegre  ,Jardim Guanabara  ,Goiânia/GO  ,74675-680
Rua Porto Nacional  ,Jardim Guanabara  ,Goiânia/GO  ,74675-690
Rua Rio Verde  ,Jardim Guanabara  ,Goiânia/GO  ,74675-700
Rua Santos Dumont  ,Jardim Guanabara  ,Goiânia/GO  ,74675-730
Rua São Paulo  ,Jardim Guanabara  ,Goiânia/GO  ,74675-740
Rua Seridó  ,Jardim Guanabara  ,Goiânia/GO  ,74675-750
Rua Trindade  ,Jardim Guanabara  ,Goiânia/GO  ,74675-760
Rua Tupi  ,Jardim Guanabara  ,Goiânia/GO  ,74675-770
Rua Ubá  ,Jardim Guanabara  ,Goiânia/GO  ,74675-780
Rua Uberaba  ,Jardim Guanabara  ,Goiânia/GO  ,74675-790
Rua Uberlândia  ,Jardim Guanabara  ,Goiânia/GO  ,74675-800
Rua Uruguaiana  ,Jardim Guanabara  ,Goiânia/GO  ,74675-810
Avenida Goiânia  ,Jardim Guanabara II  ,Goiânia/GO  ,74680-830
Rua GB 12  ,Jardim Guanabara II  ,Goiânia/GO  ,74683-540
Rua GB 14  ,Jardim Guanabara II  ,Goiânia/GO  ,74683-535
Rua GB 19  ,Jardim Guanabara II  ,Goiânia/GO  ,74683-591
Rua GB 2 E  ,Jardim Guanabara II  ,Goiânia/GO  ,74680-650
Rua GB 22  ,Jardim Guanabara II  ,Goiânia/GO  ,74683-620
Rua GB 28  ,Jardim Guanabara II  ,Goiânia/GO  ,74683-680
Viela GB25  ,Jardim Guanabara II  ,Goiânia/GO  ,74683-651
Avenida Absay Teixeira  ,Jardim Guanabara III  ,Goiânia/GO  ,74683-490
Avenida Alvicto Ozório Nogueira  ,Jardim Guanabara III  ,Goiânia/GO  ,74683-500
Avenida Goiânia  ,Jardim Guanabara III  ,Goiânia/GO  ,74683-465
Rua GB 14  ,Jardim Guanabara III  ,Goiânia/GO  ,74683-130
Rua GB 28  ,Jardim Guanabara III  ,Goiânia/GO  ,74683-270
Rua Canoeiros  ,Jardim Guanabara IV  ,Goiânia/GO  ,74683-707
Rua JG1  ,Jardim Guanabara IV  ,Goiânia/GO  ,74683-700
Rua JG2  ,Jardim Guanabara IV  ,Goiânia/GO  ,74683-705
Rua JG3  ,Jardim Guanabara IV  ,Goiânia/GO  ,74683-710
Rua Santa Maria  ,Jardim Guanabara IV  ,Goiânia/GO  ,74683-715
Avenida Militar  ,Residencial Guanabara  ,Goiânia/GO  ,74683-123
Rua A  ,Residencial Guanabara  ,Goiânia/GO  ,74683-124
Rua B  ,Residencial Guanabara  ,Goiânia/GO  ,74683-125
Rua C  ,Residencial Guanabara  ,Goiânia/GO  ,74683-126
Rua D  ,Residencial Guanabara  ,Goiânia/GO  ,74683-127
Rua E  ,Residencial Guanabara  ,Goiânia/GO  ,74683-115
Rua F  ,Residencial Guanabara  ,Goiânia/GO  ,74683-118
Rua RF 14  ,Residencial Guanabara  ,Goiânia/GO  ,74683-129
Alameda Juazeiro do Norte  ,Parque Amazônia  ,Goiânia/GO  ,74840-500
Avenida Alexandre de Morais  ,Parque Amazônia  ,Goiânia/GO  ,74840-300
Avenida Antônio Fidelis  ,Parque Amazônia  ,Goiânia/GO  ,74840-090
Avenida Arumã  ,Parque Amazônia  ,Goiânia/GO  ,74840-060
Avenida Belo Horizonte  ,Parque Amazônia  ,Goiânia/GO  ,74840-050
Avenida Dona Ana Nunes de Morais  ,Parque Amazônia  ,Goiânia/GO  ,74835-370
Avenida Jandiá  ,Parque Amazônia  ,Goiânia/GO  ,74840-160
Avenida Laguna  ,Parque Amazônia  ,Goiânia/GO  ,74843-110
Avenida Padre Orlando Morais  ,Parque Amazônia  ,Goiânia/GO  ,74843-200
Avenida Piratininga  ,Parque Amazônia  ,Goiânia/GO  ,74835-160
Avenida Rio Negro  ,Parque Amazônia  ,Goiânia/GO  ,74840-520
Avenida Rio Verde  ,Parque Amazônia  ,Goiânia/GO  ,74840-150
Avenida Rui Barbosa  ,Parque Amazônia  ,Goiânia/GO  ,74835-285
Avenida Santa Maria  ,Parque Amazônia  ,Goiânia/GO  ,74840-680
Avenida T 15  ,Parque Amazônia  ,Goiânia/GO  ,74835-290
Avenida Transbrasiliana  ,Parque Amazônia  ,Goiânia/GO  ,74835-300
Avenida Uru  ,Parque Amazônia  ,Goiânia/GO  ,74840-525
Avenida Xingu  ,Parque Amazônia  ,Goiânia/GO  ,74840-350
Praça Amazonas  ,Parque Amazônia  ,Goiânia/GO  ,74840-760
Praça Coronel Inácio Elias Bufaiçal  ,Parque Amazônia  ,Goiânia/GO  ,74840-560
Praça Francisco Alves de Oliveira  ,Parque Amazônia  ,Goiânia/GO  ,74840-490
Praça Imbé  ,Parque Amazônia  ,Goiânia/GO  ,74835-690
Praça Nossa Senhora de Fátima  ,Parque Amazônia  ,Goiânia/GO  ,74840-510
Praça Senador José Rodrigues de Morais Filho  ,Parque Amazônia  ,Goiânia/GO  ,74835-520
Praça Ubim  ,Parque Amazônia  ,Goiânia/GO  ,74835-580
Praça Uru  ,Parque Amazônia  ,Goiânia/GO  ,74835-605
Praça Uxi  ,Parque Amazônia  ,Goiânia/GO  ,74835-610
Rua Açaí  ,Parque Amazônia  ,Goiânia/GO  ,74835-430
Rua Acauá  ,Parque Amazônia  ,Goiânia/GO  ,74840-200
Rua Anaca  ,Parque Amazônia  ,Goiânia/GO  ,74840-690
Rua Anhangá  ,Parque Amazônia  ,Goiânia/GO  ,74835-310
Rua Anhuma  ,Parque Amazônia  ,Goiânia/GO  ,74840-220
Rua Aporé  ,Parque Amazônia  ,Goiânia/GO  ,74840-530
Rua Aracaju  ,Parque Amazônia  ,Goiânia/GO  ,74840-370
Rua Aracari  ,Parque Amazônia  ,Goiânia/GO  ,74840-320
Rua Arapari  ,Parque Amazônia  ,Goiânia/GO  ,74840-425
Rua Aruanã  ,Parque Amazônia  ,Goiânia/GO  ,74835-320
Rua Baquite  ,Parque Amazônia  ,Goiânia/GO  ,74835-330
Rua Beijuaçu  ,Parque Amazônia  ,Goiânia/GO  ,74835-340
Rua Belém  ,Parque Amazônia  ,Goiânia/GO  ,74840-395
Rua Belo Horizonte  ,Parque Amazônia  ,Goiânia/GO  ,74843-100
Rua Caapi  ,Parque Amazônia  ,Goiânia/GO  ,74840-100
Rua Cacauí  ,Parque Amazônia  ,Goiânia/GO  ,74840-230
Rua Cajuaçu  ,Parque Amazônia  ,Goiânia/GO  ,74840-420
Rua Cananéia  ,Parque Amazônia  ,Goiânia/GO  ,74840-360
Rua Canarana  ,Parque Amazônia  ,Goiânia/GO  ,74835-595
Rua Canuma  ,Parque Amazônia  ,Goiânia/GO  ,74840-540
Rua Caragoatá  ,Parque Amazônia  ,Goiânia/GO  ,74840-240
Rua Carajuru  ,Parque Amazônia  ,Goiânia/GO  ,74840-440
Rua Caraxuê  ,Parque Amazônia  ,Goiânia/GO  ,74835-660
Rua Carima  ,Parque Amazônia  ,Goiânia/GO  ,74835-350
Rua Caxias do Sul  ,Parque Amazônia  ,Goiânia/GO  ,74840-550
Rua Córdoba  ,Parque Amazônia  ,Goiânia/GO  ,74835-030
Rua Cuata  ,Parque Amazônia  ,Goiânia/GO  ,74835-360
Rua Cuiabá  ,Parque Amazônia  ,Goiânia/GO  ,74843-070
Rua Curitiba  ,Parque Amazônia  ,Goiânia/GO  ,74843-040
Rua dos Bombeiros  ,Parque Amazônia  ,Goiânia/GO  ,74835-210
Rua Expedicionário José Goiano  ,Parque Amazônia  ,Goiânia/GO  ,74843-260
Rua Florianópolis  ,Parque Amazônia  ,Goiânia/GO  ,74843-020
Rua Fortaleza  ,Parque Amazônia  ,Goiânia/GO  ,74843-130
Rua Gaponga  ,Parque Amazônia  ,Goiânia/GO  ,74835-390
Rua Guajará  ,Parque Amazônia  ,Goiânia/GO  ,74835-400
Rua Guayana  ,Parque Amazônia  ,Goiânia/GO  ,74840-030
Rua Hárpia  ,Parque Amazônia  ,Goiânia/GO  ,74835-420
Rua Icamiaca  ,Parque Amazônia  ,Goiânia/GO  ,74840-430
Rua Igapo  ,Parque Amazônia  ,Goiânia/GO  ,74835-440
Rua Igarapé  ,Parque Amazônia  ,Goiânia/GO  ,74835-450
Rua Igarité  ,Parque Amazônia  ,Goiânia/GO  ,74840-260
Rua Ipoméia  ,Parque Amazônia  ,Goiânia/GO  ,74840-110
Rua Itacoatiara  ,Parque Amazônia  ,Goiânia/GO  ,74840-580
Rua Jaçanã  ,Parque Amazônia  ,Goiânia/GO  ,74835-470
Rua Jari  ,Parque Amazônia  ,Goiânia/GO  ,74840-600
Rua João Pessoa  ,Parque Amazônia  ,Goiânia/GO  ,74843-030
Rua Jussara  ,Parque Amazônia  ,Goiânia/GO  ,74835-480
Rua Luzilândia  ,Parque Amazônia  ,Goiânia/GO  ,74840-620
Rua Maceió  ,Parque Amazônia  ,Goiânia/GO  ,74843-140
Rua Magoare  ,Parque Amazônia  ,Goiânia/GO  ,74835-630
Rua Manaus  ,Parque Amazônia  ,Goiânia/GO  ,74843-170
Rua Marabá  ,Parque Amazônia  ,Goiânia/GO  ,74840-190
Rua Marajó  ,Parque Amazônia  ,Goiânia/GO  ,74835-230
Rua Maria Aparecida  ,Parque Amazônia  ,Goiânia/GO  ,74843-180
Rua Maria Conceição  ,Parque Amazônia  ,Goiânia/GO  ,74840-750
Rua Maria Nadir  ,Parque Amazônia  ,Goiânia/GO  ,74843-300
Rua Matupa  ,Parque Amazônia  ,Goiânia/GO  ,74835-490
Rua Montes Claros  ,Parque Amazônia  ,Goiânia/GO  ,74840-650
Rua Mossoró  ,Parque Amazônia  ,Goiânia/GO  ,74840-410
Rua Muiraquita  ,Parque Amazônia  ,Goiânia/GO  ,74840-140
Rua Niterói  ,Parque Amazônia  ,Goiânia/GO  ,74843-160
Rua Oirama  ,Parque Amazônia  ,Goiânia/GO  ,74835-640
Rua Padre João Pian  ,Parque Amazônia  ,Goiânia/GO  ,74843-190
Rua Periata  ,Parque Amazônia  ,Goiânia/GO  ,74835-500
Rua Piacaba  ,Parque Amazônia  ,Goiânia/GO  ,74835-510
Rua Pocema  ,Parque Amazônia  ,Goiânia/GO  ,74840-250
Rua Purús  ,Parque Amazônia  ,Goiânia/GO  ,74840-020
Rua Putumayo  ,Parque Amazônia  ,Goiânia/GO  ,74835-260
Rua Recife  ,Parque Amazônia  ,Goiânia/GO  ,74843-060
Rua Sacai  ,Parque Amazônia  ,Goiânia/GO  ,74840-040
Rua Salvador  ,Parque Amazônia  ,Goiânia/GO  ,74843-050
Rua Santarém  ,Parque Amazônia  ,Goiânia/GO  ,74835-170
Rua São Borja  ,Parque Amazônia  ,Goiânia/GO  ,74843-340
Rua Solimões  ,Parque Amazônia  ,Goiânia/GO  ,74835-280
Rua Taguari  ,Parque Amazônia  ,Goiânia/GO  ,74840-700
Rua Tajura  ,Parque Amazônia  ,Goiânia/GO  ,74840-330
Rua Tambuqui  ,Parque Amazônia  ,Goiânia/GO  ,74835-530
Rua Tauá  ,Parque Amazônia  ,Goiânia/GO  ,74840-810
Rua Tauari  ,Parque Amazônia  ,Goiânia/GO  ,74840-740
Rua Tejuaçu  ,Parque Amazônia  ,Goiânia/GO  ,74840-280
Rua Tipiti  ,Parque Amazônia  ,Goiânia/GO  ,74835-550
Rua Tocari  ,Parque Amazônia  ,Goiânia/GO  ,74835-560
Rua Tucunaré  ,Parque Amazônia  ,Goiânia/GO  ,74835-570
Rua Tuxaua  ,Parque Amazônia  ,Goiânia/GO  ,74840-270
Rua Uirapuru  ,Parque Amazônia  ,Goiânia/GO  ,74840-170
Rua Umiri  ,Parque Amazônia  ,Goiânia/GO  ,74835-590
Rua Vitória  ,Parque Amazônia  ,Goiânia/GO  ,74843-090
Alameda dos Buritis  ,Setor Sul  ,Goiânia/GO  ,74080-155
Avenida Cora Coralina  ,Setor Sul  ,Goiânia/GO  ,74080-445
Avenida Deputado Jamel Cecílio  ,Setor Sul  ,Goiânia/GO  ,74085-580
Avenida 136  ,Setor Sul  ,Goiânia/GO  ,74093-250
Praça Benedito Soares de Castro  ,Setor Sul  ,Goiânia/GO  ,74085-600
Praça Delmiro Paulino da Silva  ,Setor Sul  ,Goiânia/GO  ,74093-023
Praça Doutor Brasil Caiado  ,Setor Sul  ,Goiânia/GO  ,74083-091
Praça Latif Sebba  ,Setor Sul  ,Goiânia/GO  ,74080-380
Praça Maria Angélica da C Brandão  ,Setor Sul  ,Goiânia/GO  ,74085-590
Rua Dona Gercina Borges Teixeira  ,Setor Sul  ,Goiânia/GO  ,74083-012
Rua Dona Maria Joana  ,Setor Sul  ,Goiânia/GO  ,74083-140
Rua 10 A  ,Setor Sul  ,Goiânia/GO  ,74080-425
Rua 100  ,Setor Sul  ,Goiânia/GO  ,74080-140
Rua 101  ,Setor Sul  ,Goiânia/GO  ,74080-150
Rua 102  ,Setor Sul  ,Goiânia/GO  ,74083-250
Rua 102-E  ,Setor Sul  ,Goiânia/GO  ,74083-290
Rua 103  ,Setor Sul  ,Goiânia/GO  ,74080-200
Rua 104B  ,Setor Sul  ,Goiânia/GO  ,74083-320
Rua 104-E  ,Setor Sul  ,Goiânia/GO  ,74080-270
Rua 105  ,Setor Sul  ,Goiânia/GO  ,74080-300
Rua 105-A  ,Setor Sul  ,Goiânia/GO  ,74080-280
Rua 106  ,Setor Sul  ,Goiânia/GO  ,74080-220
Rua 106-A  ,Setor Sul  ,Goiânia/GO  ,74080-230
Rua 107  ,Setor Sul  ,Goiânia/GO  ,74085-060
Rua 108  ,Setor Sul  ,Goiânia/GO  ,74085-080
Rua 109  ,Setor Sul  ,Goiânia/GO  ,74085-090
Rua 110  ,Setor Sul  ,Goiânia/GO  ,74085-100
Rua 111  ,Setor Sul  ,Goiânia/GO  ,74085-130
Rua 112  ,Setor Sul  ,Goiânia/GO  ,74085-150
Rua 113  ,Setor Sul  ,Goiânia/GO  ,74085-200
Rua 114  ,Setor Sul  ,Goiânia/GO  ,74085-210
Rua 115-E  ,Setor Sul  ,Goiânia/GO  ,74085-290
Rua 116  ,Setor Sul  ,Goiânia/GO  ,74085-350
Rua 117  ,Setor Sul  ,Goiânia/GO  ,74085-380
Rua 118  ,Setor Sul  ,Goiânia/GO  ,74085-400
Rua 119  ,Setor Sul  ,Goiânia/GO  ,74085-420
Rua 120  ,Setor Sul  ,Goiânia/GO  ,74085-450
Rua 121  ,Setor Sul  ,Goiânia/GO  ,74085-480
Rua 122  ,Setor Sul  ,Goiânia/GO  ,74085-500
Rua 123  ,Setor Sul  ,Goiânia/GO  ,74093-040
Rua 124  ,Setor Sul  ,Goiânia/GO  ,74093-060
Rua 125  ,Setor Sul  ,Goiânia/GO  ,74093-070
Rua 126  ,Setor Sul  ,Goiânia/GO  ,74093-080
Rua 127  ,Setor Sul  ,Goiânia/GO  ,74093-090
Rua 127 A  ,Setor Sul  ,Goiânia/GO  ,74093-091
Rua 128  ,Setor Sul  ,Goiânia/GO  ,74093-100
Rua 131  ,Setor Sul  ,Goiânia/GO  ,74093-200
Rua 132  ,Setor Sul  ,Goiânia/GO  ,74093-210
Rua 134  ,Setor Sul  ,Goiânia/GO  ,74080-015
Rua 82  ,Setor Sul  ,Goiânia/GO  ,74083-010
Rua 83-E  ,Setor Sul  ,Goiânia/GO  ,74083-230
Rua 84  ,Setor Sul  ,Goiânia/GO  ,74080-400
Rua 84-E  ,Setor Sul  ,Goiânia/GO  ,74080-415
Rua 85  ,Setor Sul  ,Goiânia/GO  ,74080-010
Rua 85 D  ,Setor Sul  ,Goiânia/GO  ,74080-050
Rua 86-E  ,Setor Sul  ,Goiânia/GO  ,74083-380
Rua 89  ,Setor Sul  ,Goiânia/GO  ,74093-140
Rua 89-E  ,Setor Sul  ,Goiânia/GO  ,74093-190
Rua 90  ,Setor Sul  ,Goiânia/GO  ,74093-020
Rua 91  ,Setor Sul  ,Goiânia/GO  ,74083-150
Rua 92  ,Setor Sul  ,Goiânia/GO  ,74083-200
Rua 93  ,Setor Sul  ,Goiânia/GO  ,74083-120
Rua 95  ,Setor Sul  ,Goiânia/GO  ,74083-100
Rua 96  ,Setor Sul  ,Goiânia/GO  ,74083-090
Rua 97  ,Setor Sul  ,Goiânia/GO  ,74083-110
Rua 98  ,Setor Sul  ,Goiânia/GO  ,74080-070
Rua 99  ,Setor Sul  ,Goiânia/GO  ,74080-060
Travessa Emanuel  ,Setor Sul  ,Goiânia/GO  ,74080-350
Travessa Eurípedes Barsanulfo  ,Setor Sul  ,Goiânia/GO  ,74080-360
Avenida C 171  ,Nova Suiça  ,Goiânia/GO  ,74280-365
Avenida C 182  ,Nova Suiça  ,Goiânia/GO  ,74280-115
Avenida C 233  ,Nova Suiça  ,Goiânia/GO  ,74280-165
Avenida C 264  ,Nova Suiça  ,Goiânia/GO  ,74280-270
Avenida T 15  ,Nova Suiça  ,Goiânia/GO  ,74280-380
Praça C171  ,Nova Suiça  ,Goiânia/GO  ,74280-360
Rua C 137  ,Nova Suiça  ,Goiânia/GO  ,74280-245
Rua C 139  ,Nova Suiça  ,Goiânia/GO  ,74268-165
Rua C 165  ,Nova Suiça  ,Goiânia/GO  ,74280-205
Rua C 167  ,Nova Suiça  ,Goiânia/GO  ,74280-195
Rua C 178  ,Nova Suiça  ,Goiânia/GO  ,74280-070
Rua C 179  ,Nova Suiça  ,Goiânia/GO  ,74280-285
Rua C 181  ,Nova Suiça  ,Goiânia/GO  ,74280-315
Rua C 185  ,Nova Suiça  ,Goiânia/GO  ,74280-110
Rua C 234  ,Nova Suiça  ,Goiânia/GO  ,74280-330
Rua C 244  ,Nova Suiça  ,Goiânia/GO  ,74280-145
Rua C 245  ,Nova Suiça  ,Goiânia/GO  ,74280-185
Rua C 247  ,Nova Suiça  ,Goiânia/GO  ,74280-215
Rua C 248  ,Nova Suiça  ,Goiânia/GO  ,74290-220
Rua C 253  ,Nova Suiça  ,Goiânia/GO  ,74280-170
Rua T 15  ,Nova Suiça  ,Goiânia/GO  ,74280-295
Rua T 62  ,Nova Suiça  ,Goiânia/GO  ,74280-155
Rua T 64  ,Nova Suiça  ,Goiânia/GO  ,74280-242
Avenida A  ,Setor Leste Universitário  ,Goiânia/GO  ,74615-080
Avenida Décima Segunda Avenida  ,Setor Leste Universitário  ,Goiânia/GO  ,74603-020
Avenida Fued José Sebba  ,Setor Leste Universitário  ,Goiânia/GO  ,74603-065
Avenida Primeira Avenida  ,Setor Leste Universitário  ,Goiânia/GO  ,74605-020
Avenida Quinta Avenida  ,Setor Leste Universitário  ,Goiânia/GO  ,74605-040
Avenida Sétima Avenida  ,Setor Leste Universitário  ,Goiânia/GO  ,74603-030
Avenida Sexta Avenida  ,Setor Leste Universitário  ,Goiânia/GO  ,74603-040
Praça Alfredo Mannarino  ,Setor Leste Universitário  ,Goiânia/GO  ,74610-125
Praça Antônio Borges Teixeira  ,Setor Leste Universitário  ,Goiânia/GO  ,74605-205
Praça da Bíblia  ,Setor Leste Universitário  ,Goiânia/GO  ,74633-020
Praça do Botafogo  ,Setor Leste Universitário  ,Goiânia/GO  ,74605-210
Praça São Francisco de Assis  ,Setor Leste Universitário  ,Goiânia/GO  ,74603-141
Praça Tenente Veríssimo de Souza e Silva  ,Setor Leste Universitário  ,Goiânia/GO  ,74610-080
Praça Universitária  ,Setor Leste Universitário  ,Goiânia/GO  ,74605-220
Rodovia BR-153  ,Setor Leste Universitário  ,Goiânia/GO  ,74610-175
Rua Angra dos Reis  ,Setor Leste Universitário  ,Goiânia/GO  ,74615-320
Rua Araxá  ,Setor Leste Universitário  ,Goiânia/GO  ,74615-250
Rua Conquista  ,Setor Leste Universitário  ,Goiânia/GO  ,74615-270
Rua Petrolina  ,Setor Leste Universitário  ,Goiânia/GO  ,74615-310
Rua São João Del Rei  ,Setor Leste Universitário  ,Goiânia/GO  ,74611-005
Rua Uberaba  ,Setor Leste Universitário  ,Goiânia/GO  ,74615-240
Rua Viçosa  ,Setor Leste Universitário  ,Goiânia/GO  ,74615-290
Rua 1  ,Setor Leste Universitário  ,Goiânia/GO  ,74603-067
Rua 117  ,Setor Leste Universitário  ,Goiânia/GO  ,74603-062
Rua 2  ,Setor Leste Universitário  ,Goiânia/GO  ,74615-060
Rua 203  ,Setor Leste Universitário  ,Goiânia/GO  ,74603-060
Rua 203-A  ,Setor Leste Universitário  ,Goiânia/GO  ,74603-070
Rua 203-B  ,Setor Leste Universitário  ,Goiânia/GO  ,74603-080
Rua 217  ,Setor Leste Universitário  ,Goiânia/GO  ,74603-090
Rua 217 C  ,Setor Leste Universitário  ,Goiânia/GO  ,74603-104
Rua 217-A  ,Setor Leste Universitário  ,Goiânia/GO  ,74603-100
Rua 218  ,Setor Leste Universitário  ,Goiânia/GO  ,74603-110
Rua 218 A  ,Setor Leste Universitário  ,Goiânia/GO  ,74603-112
Rua 219  ,Setor Leste Universitário  ,Goiânia/GO  ,74603-120
Rua 219-A  ,Setor Leste Universitário  ,Goiânia/GO  ,74603-130
Rua 220  ,Setor Leste Universitário  ,Goiânia/GO  ,74603-140
Rua 221  ,Setor Leste Universitário  ,Goiânia/GO  ,74603-150
Rua 222  ,Setor Leste Universitário  ,Goiânia/GO  ,74603-160
Rua 224  ,Setor Leste Universitário  ,Goiânia/GO  ,74603-170
Rua 225  ,Setor Leste Universitário  ,Goiânia/GO  ,74610-090
Rua 225-A  ,Setor Leste Universitário  ,Goiânia/GO  ,74610-110
Rua 225-B  ,Setor Leste Universitário  ,Goiânia/GO  ,74610-120
Rua 226  ,Setor Leste Universitário  ,Goiânia/GO  ,74610-130
Rua 227  ,Setor Leste Universitário  ,Goiânia/GO  ,74605-080
Rua 227-A  ,Setor Leste Universitário  ,Goiânia/GO  ,74610-155
Rua 228  ,Setor Leste Universitário  ,Goiânia/GO  ,74610-140
Rua 228-A  ,Setor Leste Universitário  ,Goiânia/GO  ,74610-141
Rua 228-B  ,Setor Leste Universitário  ,Goiânia/GO  ,74610-142
Rua 228-C  ,Setor Leste Universitário  ,Goiânia/GO  ,74610-143
Rua 229  ,Setor Leste Universitário  ,Goiânia/GO  ,74605-090
Rua 229-A  ,Setor Leste Universitário  ,Goiânia/GO  ,74605-100
Rua 230  ,Setor Leste Universitário  ,Goiânia/GO  ,74605-110
Rua 231  ,Setor Leste Universitário  ,Goiânia/GO  ,74605-130
Rua 232  ,Setor Leste Universitário  ,Goiânia/GO  ,74605-140
Rua 233  ,Setor Leste Universitário  ,Goiânia/GO  ,74605-120
Rua 234  ,Setor Leste Universitário  ,Goiânia/GO  ,74605-150
Rua 235  ,Setor Leste Universitário  ,Goiânia/GO  ,74605-050
Rua 236  ,Setor Leste Universitário  ,Goiânia/GO  ,74610-070
Rua 237  ,Setor Leste Universitário  ,Goiânia/GO  ,74605-160
Rua 238  ,Setor Leste Universitário  ,Goiânia/GO  ,74603-180
Rua 239  ,Setor Leste Universitário  ,Goiânia/GO  ,74605-070
Rua 240  ,Setor Leste Universitário  ,Goiânia/GO  ,74605-170
Rua 241  ,Setor Leste Universitário  ,Goiânia/GO  ,74605-180
Rua 242  ,Setor Leste Universitário  ,Goiânia/GO  ,74603-190
Rua 242-A  ,Setor Leste Universitário  ,Goiânia/GO  ,74603-195
Rua 245  ,Setor Leste Universitário  ,Goiânia/GO  ,74603-220
Rua 246  ,Setor Leste Universitário  ,Goiânia/GO  ,74603-230
Rua 250  ,Setor Leste Universitário  ,Goiânia/GO  ,74610-150
Rua 251  ,Setor Leste Universitário  ,Goiânia/GO  ,74610-170
Rua 252  ,Setor Leste Universitário  ,Goiânia/GO  ,74603-240
Rua 254  ,Setor Leste Universitário  ,Goiânia/GO  ,74610-180
Rua 255  ,Setor Leste Universitário  ,Goiânia/GO  ,74610-190
Rua 256  ,Setor Leste Universitário  ,Goiânia/GO  ,74610-200
Rua 257  ,Setor Leste Universitário  ,Goiânia/GO  ,74610-210
Rua 258  ,Setor Leste Universitário  ,Goiânia/GO  ,74610-220
Rua 259  ,Setor Leste Universitário  ,Goiânia/GO  ,74610-230
Rua 260  ,Setor Leste Universitário  ,Goiânia/GO  ,74610-240
Rua 261  ,Setor Leste Universitário  ,Goiânia/GO  ,74610-250
Rua 261-A  ,Setor Leste Universitário  ,Goiânia/GO  ,74610-260
Rua 261-B  ,Setor Leste Universitário  ,Goiânia/GO  ,74610-270
Rua 262  ,Setor Leste Universitário  ,Goiânia/GO  ,74615-300
Rua 263  ,Setor Leste Universitário  ,Goiânia/GO  ,74605-200
Rua 265-A  ,Setor Leste Universitário  ,Goiânia/GO  ,74610-300
Rua 265-B  ,Setor Leste Universitário  ,Goiânia/GO  ,74610-310
Rua 3  ,Setor Leste Universitário  ,Goiânia/GO  ,74615-070
Rua 301  ,Setor Leste Universitário  ,Goiânia/GO  ,74615-190
Rua 303  ,Setor Leste Universitário  ,Goiânia/GO  ,74615-210
Rua 305  ,Setor Leste Universitário  ,Goiânia/GO  ,74615-220
Rua 307  ,Setor Leste Universitário  ,Goiânia/GO  ,74611-012
Rua 4  ,Setor Leste Universitário  ,Goiânia/GO  ,74615-090
Rua 5  ,Setor Leste Universitário  ,Goiânia/GO  ,74611-008
Rua 6  ,Setor Leste Universitário  ,Goiânia/GO  ,74620-090
Rua 6-A  ,Setor Leste Universitário  ,Goiânia/GO  ,74620-095
Rua 7  ,Setor Leste Universitário  ,Goiânia/GO  ,74620-100
Viela A  ,Setor Leste Universitário  ,Goiânia/GO  ,74610-147
Viela B  ,Setor Leste Universitário  ,Goiânia/GO  ,74610-144
Viela C  ,Setor Leste Universitário  ,Goiânia/GO  ,74610-146
Viela 217 B  ,Setor Leste Universitário  ,Goiânia/GO  ,74603-102
Viela 252 A  ,Setor Leste Universitário  ,Goiânia/GO  ,74603-095
